{
  "train": {
    "g_loss": [
      22.35476047039032,
      22.342179434299467,
      22.415671865940094,
      22.280649750232698,
      22.913467836380004,
      22.56039752483368,
      22.440908699035646,
      22.510087089538573,
      22.383692162036894,
      22.337663621902465,
      22.405508511066436,
      22.45045926809311,
      22.40273509979248,
      22.42200495004654,
      22.590720052719117,
      22.516542139053346,
      22.52483902692795,
      22.495947828292845,
      22.514583401679992,
      22.558166291713714,
      22.54173664569855,
      22.59100599050522,
      22.678988909721376,
      22.655921983718873,
      22.65577131271362,
      22.709635014533998,
      22.665426263809206,
      22.669050929546355,
      22.70702556848526,
      22.731967487335204
    ],
    "d_loss": [
      0.1523336001217831,
      0.13573868529172614,
      0.13704332227935084,
      0.14575932861771435,
      0.10880253455252387,
      0.1403545485099312,
      0.1390428114857059,
      0.12221964253811166,
      0.12102866632048973,
      0.13170556291704996,
      0.11919857568806037,
      0.10944350009900518,
      0.11747813451220282,
      0.11263465063413605,
      0.10082358595565893,
      0.10898980502272025,
      0.10220089270034804,
      0.10405393759137951,
      0.09408404173678718,
      0.09940770447836257,
      0.09073355245636776,
      0.08184450704953633,
      0.08314864725805819,
      0.07786972438101657,
      0.07807462468685117,
      0.07114950098562986,
      0.07035521157900802,
      0.06973785446141846,
      0.06696121736895293,
      0.06359197962679901
    ],
    "l1_loss": [
      0.19078409431502222,
      0.18992986710742116,
      0.19058657381683589,
      0.18981776209548115,
      0.19387353891506792,
      0.19136232178658247,
      0.19027982529252768,
      0.1909134024567902,
      0.18977701600641012,
      0.1893735907971859,
      0.18959832664579154,
      0.18962763102725147,
      0.18979881588369607,
      0.18979765716940164,
      0.19020046761259438,
      0.18999443283304573,
      0.18975020498037337,
      0.18949172915890813,
      0.18962281219661237,
      0.18979266058653593,
      0.18953265065327288,
      0.18973475348204374,
      0.18978290079161525,
      0.18937136875465513,
      0.1891277932934463,
      0.18935661807656287,
      0.18902501894161106,
      0.18942165886983275,
      0.18941612618044018,
      0.18931507660076022
    ]
  },
  "val": {
    "l1_loss": [
      0.21210870385169983,
      0.19991151630878448,
      0.20690740883350373,
      0.20050639554858207,
      0.20090044125914575,
      0.20345298320055008
    ],
    "ssim": [
      0.268733412027359,
      0.27685269713401794,
      0.2784811854362488,
      0.2778547406196594,
      0.2818079888820648,
      0.2753516435623169
    ],
    "psnr": [
      17.26131112132567,
      17.756311661044947,
      17.60281031616178,
      17.71972827088716,
      17.787273846632807,
      17.650152399831633
    ]
  }
}