{
  "val": {
    "lpips": 0.3823833218216896,
    "ssim": 0.2768494188785553,
    "psnr": 17.75600945101163,
    "fid": 94.83476541230993
  },
  "test": {
    "lpips": 0.38484912246465686,
    "ssim": 0.27399441599845886,
    "psnr": 17.589386820745094,
    "fid": 96.32767587853203
  }
}